[
    {
        "batch-size": 16,
        "dice_1": 0.9498985532468726,
        "dice_2": 0.7686855803609457,
        "dice_3": 0.7166013169099961,
        "dir": "runs/UNet_parts",
        "dt": "2020-12-06T08:08:29.103002",
        "fold": 0,
        "iou": 0.6957401982931701,
        "iou_1": 0.9045778921492982,
        "iou_2": 0.6242804990347445,
        "iou_3": 0.558362203695468,
        "model": "UNet",
        "n_epochs": 20,
        "problem-type": "parts",
        "valid_loss": 1.1495441566573248
    },
    {
        "batch-size": 16,
        "dice_1": 0.8393249512950663,
        "dice_2": 0.6646211600980879,
        "dice_3": 0.5672083743416803,
        "dir": "runs/UNet_parts",
        "dt": "2020-12-06T08:25:55.828013",
        "fold": 1,
        "iou": 0.5389046302922645,
        "iou_1": 0.7231351722702875,
        "iou_2": 0.49770233003460385,
        "iou_3": 0.39587638857190205,
        "model": "UNet",
        "n_epochs": 20,
        "problem-type": "parts",
        "valid_loss": 2.011619052555826
    },
    {
        "batch-size": 16,
        "dice_1": 0.8944646337362441,
        "dice_2": 0.634670046290072,
        "dice_3": 0.47240211118563624,
        "dir": "runs/UNet_parts",
        "dt": "2020-12-06T08:43:15.948725",
        "fold": 2,
        "iou": 0.5277235685614854,
        "iou_1": 0.8090782629226579,
        "iou_2": 0.46484737595152115,
        "iou_3": 0.3092450668102772,
        "model": "UNet",
        "n_epochs": 20,
        "problem-type": "parts",
        "valid_loss": 2.109410000244776
    },
    {
        "batch-size": 16,
        "dice_1": 0.8812799479142671,
        "dice_2": 0.5688429277993913,
        "dice_3": 0.5526395029959684,
        "dir": "runs/UNet_parts",
        "dt": "2020-12-06T09:00:40.012436",
        "fold": 3,
        "iou": 0.5223512493722211,
        "iou_1": 0.7877573538359446,
        "iou_2": 0.39747064724678605,
        "iou_3": 0.3818257470339327,
        "model": "UNet",
        "n_epochs": 20,
        "problem-type": "parts",
        "valid_loss": 2.976698925362693
    },
    {
        "batch-size": 16,
        "dice_1": 0.06883446087280726,
        "dice_2": 0.2514465891626976,
        "dice_3": 0.28620842212663844,
        "dice_4": 0.00011434538346695203,
        "dice_5": 5.9212049113703286e-05,
        "dice_6": 0.0,
        "dice_7": 0.3021417954535456,
        "dir": "runs/UNet_instruments",
        "dt": "2020-12-06T09:18:50.968288",
        "fold": 0,
        "iou": 0.07492730528607297,
        "iou_1": 0.03564399813385112,
        "iou_2": 0.14380263571262103,
        "iou_3": 0.16700305090878878,
        "iou_4": 5.717596063704808e-05,
        "iou_5": 2.9606901099492645e-05,
        "iou_6": 0.0,
        "iou_7": 0.17795466938551335,
        "model": "UNet",
        "n_epochs": 20,
        "problem-type": "instruments",
        "valid_loss": 41.54401175181071
    },
    {
        "batch-size": 16,
        "dice_1": 0.25112287415181767,
        "dice_2": 0.28193807938868487,
        "dice_3": 0.006305692627531481,
        "dice_4": 0.05891171675975677,
        "dice_5": 0.03343988878208506,
        "dice_6": 0.0,
        "dice_7": 0.2464247309126358,
        "dir": "runs/UNet_instruments",
        "dt": "2020-12-06T09:37:02.353840",
        "fold": 1,
        "iou": 0.07124818023728238,
        "iou_1": 0.14359091924770093,
        "iou_2": 0.16410239701277274,
        "iou_3": 0.003162818193448064,
        "iou_4": 0.030349838937472697,
        "iou_5": 0.017004254582065798,
        "iou_6": 0.0,
        "iou_7": 0.14052703368751648,
        "model": "UNet",
        "n_epochs": 20,
        "problem-type": "instruments",
        "valid_loss": 33.84280815548367
    },
    {
        "batch-size": 16,
        "dice_1": 0.27529014032920457,
        "dice_2": 0.21243252444311173,
        "dice_3": 0.5428782751093482,
        "dice_4": 0.000334753843086957,
        "dice_5": 0.03652210553636126,
        "dice_6": 0.0024831763269939147,
        "dice_7": 0.0,
        "dir": "runs/UNet_instruments",
        "dt": "2020-12-06T09:55:19.646077",
        "fold": 2,
        "iou": 0.09586205739245547,
        "iou_1": 0.15961533401435454,
        "iou_2": 0.11883888432067816,
        "iou_3": 0.37256892532440133,
        "iou_4": 0.000167404941267199,
        "iou_5": 0.01860072152548372,
        "iou_6": 0.0012431316210032638,
        "iou_7": 0.0,
        "model": "UNet",
        "n_epochs": 20,
        "problem-type": "instruments",
        "valid_loss": 41.16437970055474
    },
    {
        "batch-size": 16,
        "dice_1": 0.3840745522622717,
        "dice_2": 0.09696367218808102,
        "dice_3": 0.3764744305763103,
        "dice_4": 0.09761634942189254,
        "dice_5": 0.0,
        "dice_6": 0.004723118016502844,
        "dice_7": 0.0,
        "dir": "runs/UNet_instruments",
        "dt": "2020-12-06T10:13:34.091122",
        "fold": 3,
        "iou": 0.08202853175962226,
        "iou_1": 0.23768086132932084,
        "iou_2": 0.05095208681568802,
        "iou_3": 0.23188697342780326,
        "iou_4": 0.05131265157384438,
        "iou_5": 0.0,
        "iou_6": 0.002367149170699362,
        "iou_7": 0.0,
        "model": "UNet",
        "n_epochs": 20,
        "problem-type": "instruments",
        "valid_loss": 45.72949793921577
    },
    {
        "batch-size": 16,
        "dice_1": 0.9702990135895344,
        "dice_2": 0.8305451696042033,
        "dice_3": 0.8047613915404177,
        "dir": "runs/UNet11_parts",
        "dt": "2020-12-06T12:06:23.428947",
        "fold": 0,
        "iou": 0.7752720257231752,
        "iou_1": 0.9423114344796287,
        "iou_2": 0.7101985882798989,
        "iou_3": 0.6733060544099978,
        "model": "UNet11",
        "n_epochs": 20,
        "problem-type": "parts",
        "valid_loss": 0.8225767622391383
    },
    {
        "batch-size": 16,
        "dice_1": 0.9297738220414071,
        "dice_2": 0.7567095235142473,
        "dice_3": 0.8374749402866062,
        "dir": "runs/UNet11_parts",
        "dt": "2020-12-06T12:31:11.924580",
        "fold": 1,
        "iou": 0.7325971384288213,
        "iou_1": 0.868763856827823,
        "iou_2": 0.6086345370014733,
        "iou_3": 0.7203930214571678,
        "model": "UNet11",
        "n_epochs": 20,
        "problem-type": "parts",
        "valid_loss": 1.3309216322170363
    },
    {
        "batch-size": 16,
        "dice_1": 0.9231288951986013,
        "dice_2": 0.8535245497957513,
        "dice_3": 0.5675761740609653,
        "dir": "runs/UNet11_parts",
        "dt": "2020-12-06T12:56:10.489395",
        "fold": 2,
        "iou": 0.6659814146364743,
        "iou_1": 0.8572324868618784,
        "iou_2": 0.7444769529462606,
        "iou_3": 0.39623480410128414,
        "model": "UNet11",
        "n_epochs": 20,
        "problem-type": "parts",
        "valid_loss": 1.1101966202259064
    },
    {
        "batch-size": 16,
        "dice_1": 0.9647428954829083,
        "dice_2": 0.8095076856393286,
        "dice_3": 0.8522798597009414,
        "dir": "runs/UNet11_parts",
        "dt": "2020-12-06T13:20:57.994010",
        "fold": 3,
        "iou": 0.78481652738383,
        "iou_1": 0.9318872493349605,
        "iou_2": 0.6799772462823984,
        "iou_3": 0.7425850865341311,
        "model": "UNet11",
        "n_epochs": 20,
        "problem-type": "parts",
        "valid_loss": 2.126509996884399
    },
    {
        "batch-size": 16,
        "dice_1": 0.11773257720950746,
        "dice_2": 0.34260007747339677,
        "dice_3": 0.3516800534336329,
        "dice_4": 9.414442446952039e-05,
        "dice_5": 0.0024242238734016423,
        "dice_6": 0.0,
        "dice_7": 0.6108118024463649,
        "dir": "runs/UNet11_instruments",
        "dt": "2020-12-06T13:46:41.221009",
        "fold": 0,
        "iou": 0.13193781479471256,
        "iou_1": 0.06254827331334618,
        "iou_2": 0.20670936013507482,
        "iou_3": 0.21335666911404025,
        "iou_4": 4.707442813223207e-05,
        "iou_5": 0.0012135829350625868,
        "iou_6": 0.0,
        "iou_7": 0.4396897436373318,
        "model": "UNet11",
        "n_epochs": 20,
        "problem-type": "instruments",
        "valid_loss": 37.47911098480225
    },
    {
        "batch-size": 16,
        "dice_1": 0.6989544335636346,
        "dice_2": 0.4897713589734349,
        "dice_3": 0.0032336327540980255,
        "dice_4": 0.5769690262135176,
        "dice_5": 0.08061296350200471,
        "dice_6": 0.0,
        "dice_7": 0.5038422062790158,
        "dir": "runs/UNet11_instruments",
        "dt": "2020-12-06T14:12:20.041209",
        "fold": 1,
        "iou": 0.2353364156863776,
        "iou_1": 0.5372251761159365,
        "iou_2": 0.32430278811327334,
        "iou_3": 0.0016194347056025925,
        "iou_4": 0.4054507855709461,
        "iou_5": 0.04199932685233019,
        "iou_6": 0.0,
        "iou_7": 0.3367573984465547,
        "model": "UNet11",
        "n_epochs": 20,
        "problem-type": "instruments",
        "valid_loss": 31.920372988382976
    },
    {
        "batch-size": 16,
        "dice_1": 0.1359760851300743,
        "dice_2": 0.17139515331877006,
        "dice_3": 0.7939974761264748,
        "dice_4": 0.010534761408142036,
        "dice_5": 0.010754058031497793,
        "dice_6": 0.06824999535055304,
        "dice_7": 0.0,
        "dir": "runs/UNet11_instruments",
        "dt": "2020-12-06T14:37:59.852288",
        "fold": 2,
        "iou": 0.12444013830936053,
        "iou_1": 0.07294760761669891,
        "iou_2": 0.0937300115056779,
        "iou_3": 0.6583713221231551,
        "iou_4": 0.005295272922485709,
        "iou_5": 0.005406097760267832,
        "iou_6": 0.035330656237238266,
        "iou_7": 0.0,
        "model": "UNet11",
        "n_epochs": 20,
        "problem-type": "instruments",
        "valid_loss": 40.23886588202583
    },
    {
        "batch-size": 16,
        "dice_1": 0.5179645160655287,
        "dice_2": 0.22160256989782426,
        "dice_3": 0.5671385025331022,
        "dice_4": 0.4959734273689,
        "dice_5": 2.3751699731012e-05,
        "dice_6": 0.012358206014963534,
        "dice_7": 0.0,
        "dir": "runs/UNet11_instruments",
        "dt": "2020-12-06T15:03:37.935734",
        "fold": 3,
        "iou": 0.17227211781249205,
        "iou_1": 0.3494953539779286,
        "iou_2": 0.12460801289231077,
        "iou_3": 0.3958083202987345,
        "iou_4": 0.32976373981296,
        "iou_5": 1.1875990902990968e-05,
        "iou_6": 0.0062175217146075825,
        "iou_7": 0.0,
        "model": "UNet11",
        "n_epochs": 20,
        "problem-type": "instruments",
        "valid_loss": 42.86487471262614
    },
    {
        "batch-size": 16,
        "dice_1": 0.9730692520290876,
        "dice_2": 0.8567511835439495,
        "dice_3": 0.8303298183440919,
        "dir": "runs/UNet16_parts",
        "dt": "2020-12-06T17:41:51.654391",
        "fold": 0,
        "iou": 0.802278389695112,
        "iou_1": 0.9475509949933348,
        "iou_2": 0.749400455274283,
        "iou_3": 0.7098837188177181,
        "model": "UNet16",
        "n_epochs": 20,
        "problem-type": "parts",
        "valid_loss": 0.7551920441455311
    },
    {
        "batch-size": 16,
        "dice_1": 0.9233114561716915,
        "dice_2": 0.752428678643541,
        "dice_3": 0.8280001198619183,
        "dir": "runs/UNet16_parts",
        "dt": "2020-12-06T18:15:32.990918",
        "fold": 1,
        "iou": 0.7223823239334228,
        "iou_1": 0.8575473951721782,
        "iou_2": 0.6031147604655104,
        "iou_3": 0.7064848161625799,
        "model": "UNet16",
        "n_epochs": 20,
        "problem-type": "parts",
        "valid_loss": 1.251967785126633
    },
    {
        "batch-size": 16,
        "dice_1": 0.9734397890750249,
        "dice_2": 0.8915898469986127,
        "dice_3": 0.754520172315746,
        "dir": "runs/UNet16_parts",
        "dt": "2020-12-06T18:49:19.591986",
        "fold": 2,
        "iou": 0.7861489990096452,
        "iou_1": 0.9482539637864141,
        "iou_2": 0.8043862144210229,
        "iou_3": 0.6058068188214984,
        "model": "UNet16",
        "n_epochs": 20,
        "problem-type": "parts",
        "valid_loss": 0.7750248718923992
    },
    {
        "batch-size": 16,
        "dice_1": 0.9629921300337037,
        "dice_2": 0.8109949250528484,
        "dice_3": 0.875525713773486,
        "dir": "runs/UNet16_parts",
        "dt": "2020-12-06T19:23:02.501156",
        "fold": 3,
        "iou": 0.7964377341690639,
        "iou_1": 0.9286256719199265,
        "iou_2": 0.6820786068460601,
        "iou_3": 0.7786089237412052,
        "model": "UNet16",
        "n_epochs": 20,
        "problem-type": "parts",
        "valid_loss": 2.1355867830581134
    },
    {
        "batch-size": 16,
        "dice_1": 0.13638921429742032,
        "dice_2": 0.3237348904080304,
        "dice_3": 0.5217735333941341,
        "dice_4": 9.062667881251021e-05,
        "dice_5": 0.0039731206466531235,
        "dice_6": 0.0,
        "dice_7": 0.5601329394975627,
        "dir": "runs/UNet16_instruments",
        "dt": "2020-12-06T19:57:41.966307",
        "fold": 0,
        "iou": 0.14433425280570547,
        "iou_1": 0.07318546090405981,
        "iou_2": 0.1931286934003135,
        "iou_3": 0.3529726636488729,
        "iou_4": 4.5315392798029294e-05,
        "iou_5": 0.0019905146006552257,
        "iou_6": 0.0,
        "iou_7": 0.3890171216932388,
        "model": "UNet16",
        "n_epochs": 20,
        "problem-type": "instruments",
        "valid_loss": 30.812312304178874
    },
    {
        "batch-size": 16,
        "dice_1": 0.717156487649194,
        "dice_2": 0.613236550143103,
        "dice_3": 0.0014292424216493336,
        "dice_4": 0.4861530791810677,
        "dice_5": 0.04648101657414997,
        "dice_6": 0.0,
        "dice_7": 0.6641413657915677,
        "dir": "runs/UNet16_instruments",
        "dt": "2020-12-06T20:32:15.545078",
        "fold": 1,
        "iou": 0.263436314910459,
        "iou_1": 0.5590366094887189,
        "iou_2": 0.4422070326459672,
        "iou_3": 0.0007151322595058547,
        "iou_4": 0.3211375420429417,
        "iou_5": 0.023793480876565156,
        "iou_6": 0.0,
        "iou_7": 0.4971644070595142,
        "model": "UNet16",
        "n_epochs": 20,
        "problem-type": "instruments",
        "valid_loss": 30.38168260362413
    },
    {
        "batch-size": 16,
        "dice_1": 0.17945480099542788,
        "dice_2": 0.10341529537362089,
        "dice_3": 0.4047754070072006,
        "dice_4": 0.004234412746668114,
        "dice_5": 0.020466732523460304,
        "dice_6": 0.0,
        "dice_7": 0.0,
        "dir": "runs/UNet16_instruments",
        "dt": "2020-12-06T21:06:48.572463",
        "fold": 2,
        "iou": 0.059900278816206264,
        "iou_1": 0.09857201078750981,
        "iou_2": 0.054527116622504535,
        "iou_3": 0.2537419550734244,
        "iou_4": 0.002121698446807932,
        "iou_5": 0.010339170783197188,
        "iou_6": 0.0,
        "iou_7": 0.0,
        "model": "UNet16",
        "n_epochs": 20,
        "problem-type": "instruments",
        "valid_loss": 39.3549622048272
    },
    {
        "batch-size": 16,
        "dice_1": 0.5278654052590671,
        "dice_2": 0.22648255478763835,
        "dice_3": 0.559870466200104,
        "dice_4": 0.39464409194326394,
        "dice_5": 6.603513068952683e-05,
        "dice_6": 0.0019228319707235294,
        "dice_7": 0.0,
        "dir": "runs/UNet16_instruments",
        "dt": "2020-12-06T21:41:18.620386",
        "fold": 3,
        "iou": 0.1602661253713865,
        "iou_1": 0.358571428960924,
        "iou_2": 0.1277024679960333,
        "iou_3": 0.3887639639767969,
        "iou_4": 0.24582965681484042,
        "iou_5": 3.3018655540380315e-05,
        "iou_6": 0.0009623411955705584,
        "iou_7": 0.0,
        "model": "UNet16",
        "n_epochs": 20,
        "problem-type": "instruments",
        "valid_loss": 41.76580672793918
    },
    {
        "batch-size": 16,
        "dice_1": 0.9786380696596763,
        "dice_2": 0.8702269205934731,
        "dice_3": 0.855072023626341,
        "dir": "runs/AlbuNet_parts",
        "dt": "2020-12-07T00:09:48.753801",
        "fold": 0,
        "iou": 0.8250904954982969,
        "iou_1": 0.958169714954608,
        "iou_2": 0.7702670000338526,
        "iou_3": 0.7468347715064301,
        "model": "AlbuNet",
        "n_epochs": 20,
        "problem-type": "parts",
        "valid_loss": 0.7456793487403128
    },
    {
        "batch-size": 16,
        "dice_1": 0.9546424670896313,
        "dice_2": 0.7896989152838276,
        "dice_3": 0.8865813257847341,
        "dir": "runs/AlbuNet_parts",
        "dt": "2020-12-07T00:41:53.605387",
        "fold": 1,
        "iou": 0.7873239615458028,
        "iou_1": 0.9132210148539528,
        "iou_2": 0.6524813744746993,
        "iou_3": 0.7962694953087562,
        "model": "AlbuNet",
        "n_epochs": 20,
        "problem-type": "parts",
        "valid_loss": 1.2351638788978259
    },
    {
        "batch-size": 16,
        "dice_1": 0.9575315871227552,
        "dice_2": 0.8974928967231867,
        "dice_3": 0.6612399926265816,
        "dir": "runs/AlbuNet_parts",
        "dt": "2020-12-07T01:14:40.311940",
        "fold": 2,
        "iou": 0.7421634551829895,
        "iou_1": 0.9185233579211659,
        "iou_2": 0.8140472692245753,
        "iou_3": 0.4939197384032274,
        "model": "AlbuNet",
        "n_epochs": 20,
        "problem-type": "parts",
        "valid_loss": 1.1129680718315973
    },
    {
        "batch-size": 16,
        "dice_1": 0.965757840309245,
        "dice_2": 0.8192284190915115,
        "dice_3": 0.8763851305981685,
        "dir": "runs/AlbuNet_parts",
        "dt": "2020-12-07T01:47:31.151510",
        "fold": 3,
        "iou": 0.8025200395605946,
        "iou_1": 0.9337830906042477,
        "iou_2": 0.6938077036552617,
        "iou_3": 0.7799693244222743,
        "model": "AlbuNet",
        "n_epochs": 20,
        "problem-type": "parts",
        "valid_loss": 2.2783385051952467
    },
    {
        "batch-size": 16,
        "dice_1": 0.2758044392262238,
        "dice_2": 0.41867627295432197,
        "dice_3": 0.8045808803871403,
        "dice_4": 0.00011832592481570738,
        "dice_5": 0.004941925396470851,
        "dice_6": 0.0,
        "dice_7": 0.326495055741169,
        "dir": "runs/AlbuNet_instruments",
        "dt": "2020-12-07T02:21:05.972720",
        "fold": 0,
        "iou": 0.18505865453078957,
        "iou_1": 0.15996122800736687,
        "iou_2": 0.26476316379348686,
        "iou_3": 0.6730533811837528,
        "iou_4": 5.916646287107233e-05,
        "iou_5": 0.0024770834791127284,
        "iou_6": 0.0,
        "iou_7": 0.19509655878893653,
        "model": "AlbuNet",
        "n_epochs": 20,
        "problem-type": "instruments",
        "valid_loss": 30.472988107469348
    },
    {
        "batch-size": 16,
        "dice_1": 0.5421475133392993,
        "dice_2": 0.6311552777848811,
        "dice_3": 0.0008946768305107659,
        "dice_4": 0.13406264636589302,
        "dice_5": 0.10343131574542598,
        "dice_6": 0.0,
        "dice_7": 0.6159295777347494,
        "dir": "runs/AlbuNet_instruments",
        "dt": "2020-12-07T02:54:39.649261",
        "fold": 1,
        "iou": 0.2006873003186193,
        "iou_1": 0.371880912712315,
        "iou_2": 0.4610861024203831,
        "iou_3": 0.0004475386164708406,
        "iou_4": 0.0718473458419127,
        "iou_5": 0.05453602424426751,
        "iou_6": 0.0,
        "iou_7": 0.44501317839498594,
        "model": "AlbuNet",
        "n_epochs": 20,
        "problem-type": "instruments",
        "valid_loss": 32.45575420379639
    },
    {
        "batch-size": 16,
        "dice_1": 0.3253222153042766,
        "dice_2": 0.23388538203898482,
        "dice_3": 0.2049790766283547,
        "dice_4": 0.004373223751839236,
        "dice_5": 0.07225414169540095,
        "dice_6": 0.1626968474072276,
        "dice_7": 0.0,
        "dir": "runs/AlbuNet_instruments",
        "dt": "2020-12-07T03:28:16.443093",
        "fold": 2,
        "iou": 0.08130094410392215,
        "iou_1": 0.19425958729331638,
        "iou_2": 0.13242933366861898,
        "iou_3": 0.11419314056982463,
        "iou_4": 0.0021914036251112195,
        "iou_5": 0.03748115519695451,
        "iou_6": 0.08855198837362928,
        "iou_7": 0.0,
        "model": "AlbuNet",
        "n_epochs": 20,
        "problem-type": "instruments",
        "valid_loss": 41.25348738352458
    },
    {
        "batch-size": 16,
        "dice_1": 0.6423404572379451,
        "dice_2": 0.1650259591869306,
        "dice_3": 0.587022441211823,
        "dice_4": 0.4971724820262516,
        "dice_5": 0.0,
        "dice_6": 0.0,
        "dice_7": 0.0,
        "dir": "runs/AlbuNet_instruments",
        "dt": "2020-12-07T04:01:48.009147",
        "fold": 3,
        "iou": 0.18704748633579055,
        "iou_1": 0.47312336930299353,
        "iou_2": 0.08993367509101562,
        "iou_3": 0.41545064715343083,
        "iou_4": 0.3308247128030938,
        "iou_5": 0.0,
        "iou_6": 0.0,
        "iou_7": 0.0,
        "model": "AlbuNet",
        "n_epochs": 20,
        "problem-type": "instruments",
        "valid_loss": 39.85580054389106
    },
    {
        "batch-size": 16,
        "dice_1": 0.9756342889696543,
        "dice_2": 0.8753724982091997,
        "dice_3": 0.8602541305541098,
        "dir": "runs/LinkNet34_parts",
        "dt": "2020-12-07T05:05:02.816540",
        "fold": 0,
        "iou": 0.8285238216735654,
        "iou_1": 0.9524277105959791,
        "iou_2": 0.7783666118917603,
        "iou_3": 0.754777142532957,
        "model": "LinkNet34",
        "n_epochs": 20,
        "problem-type": "parts",
        "valid_loss": 0.8091572970814175
    },
    {
        "batch-size": 16,
        "dice_1": 0.9472255240449142,
        "dice_2": 0.7885497675460476,
        "dice_3": 0.8750356168264833,
        "dir": "runs/LinkNet34_parts",
        "dt": "2020-12-07T05:20:44.411329",
        "fold": 1,
        "iou": 0.7761633486022556,
        "iou_1": 0.8997421059107491,
        "iou_2": 0.6509138769561634,
        "iou_3": 0.7778340629398541,
        "model": "LinkNet34",
        "n_epochs": 20,
        "problem-type": "parts",
        "valid_loss": 1.301920129723019
    },
    {
        "batch-size": 16,
        "dice_1": 0.9238827068028709,
        "dice_2": 0.7145174414880314,
        "dice_3": 0.6062232982019098,
        "dir": "runs/LinkNet34_parts",
        "dt": "2020-12-07T05:38:17.511083",
        "fold": 2,
        "iou": 0.6164398394011895,
        "iou_1": 0.8585334634461904,
        "iou_2": 0.5558359674013258,
        "iou_3": 0.4349500873560523,
        "model": "LinkNet34",
        "n_epochs": 20,
        "problem-type": "parts",
        "valid_loss": 1.465388391216596
    },
    {
        "batch-size": 16,
        "dice_1": 0.9665953606560764,
        "dice_2": 0.7967037150711495,
        "dice_3": 0.8684866734969927,
        "dir": "runs/LinkNet34_parts",
        "dt": "2020-12-07T05:54:59.969506",
        "fold": 3,
        "iou": 0.7883319054499123,
        "iou_1": 0.9353503205382722,
        "iou_2": 0.6621010345081033,
        "iou_3": 0.7675443613033615,
        "model": "LinkNet34",
        "n_epochs": 20,
        "problem-type": "parts",
        "valid_loss": 2.3538425123029283
    },
    {
        "batch-size": 16,
        "dice_1": 0.4899459546745926,
        "dice_2": 0.5248121926463861,
        "dice_3": 0.8206037879856174,
        "dice_4": 1.6892177232723526e-05,
        "dice_5": 0.0043116588998736985,
        "dice_6": 0.0,
        "dice_7": 0.16921330165684212,
        "dir": "runs/LinkNet34_instruments",
        "dt": "2020-12-07T06:15:43.122757",
        "fold": 0,
        "iou": 0.2100848472835596,
        "iou_1": 0.324455906853991,
        "iou_2": 0.35575957856367,
        "iou_3": 0.6957829604896257,
        "iou_4": 8.446159953377197e-06,
        "iou_5": 0.002160487091635205,
        "iou_6": 0.0,
        "iou_7": 0.09242655182604195,
        "model": "LinkNet34",
        "n_epochs": 20,
        "problem-type": "instruments",
        "valid_loss": 37.66761586083306
    },
    {
        "batch-size": 16,
        "dice_1": 0.7527496606633567,
        "dice_2": 0.7369481031781278,
        "dice_3": 0.0011583147870779483,
        "dice_4": 0.3977785961984954,
        "dice_5": 0.2234245842895145,
        "dice_6": 0.0,
        "dice_7": 0.38888070559313576,
        "dir": "runs/LinkNet34_instruments",
        "dt": "2020-12-07T06:32:20.148708",
        "fold": 1,
        "iou": 0.2575677645598791,
        "iou_1": 0.6035273248061096,
        "iou_2": 0.5834662099257029,
        "iou_3": 0.0005794930112009153,
        "iou_4": 0.2482669344291042,
        "iou_5": 0.12576138469199905,
        "iou_6": 0.0,
        "iou_7": 0.24137300505503706,
        "model": "LinkNet34",
        "n_epochs": 20,
        "problem-type": "instruments",
        "valid_loss": 34.77749348534478
    },
    {
        "batch-size": 16,
        "dice_1": 0.344255471396854,
        "dice_2": 0.17763801874630672,
        "dice_3": 0.36524445086166185,
        "dice_4": 0.0019474214279585043,
        "dice_5": 0.04451800383245472,
        "dice_6": 0.0009521638540894715,
        "dice_7": 0.0,
        "dir": "runs/LinkNet34_instruments",
        "dt": "2020-12-07T06:51:07.680126",
        "fold": 2,
        "iou": 0.07900483362857358,
        "iou_1": 0.20791581397359774,
        "iou_2": 0.09747680239910443,
        "iou_3": 0.22342450591721694,
        "iou_4": 0.0009746597506209161,
        "iou_5": 0.02276574467047173,
        "iou_6": 0.0004763086890032646,
        "iou_7": 0.0,
        "model": "LinkNet34",
        "n_epochs": 20,
        "problem-type": "instruments",
        "valid_loss": 40.000424016316735
    },
    {
        "batch-size": 16,
        "dice_1": 0.6806956986416284,
        "dice_2": 0.31857878316563526,
        "dice_3": 0.636349745920436,
        "dice_4": 0.47080120201988906,
        "dice_5": 0.0,
        "dice_6": 0.18584598528667381,
        "dice_7": 0.0,
        "dir": "runs/LinkNet34_instruments",
        "dt": "2020-12-07T07:09:16.321811",
        "fold": 3,
        "iou": 0.22605554516634663,
        "iou_1": 0.5159504884057271,
        "iou_2": 0.18946994362627823,
        "iou_3": 0.466651726875495,
        "iou_4": 0.3078744259031339,
        "iou_5": 0.0,
        "iou_6": 0.10244223135379237,
        "iou_7": 0.0,
        "model": "LinkNet34",
        "n_epochs": 20,
        "problem-type": "instruments",
        "valid_loss": 45.56960657331678
    },
    {
        "batch-size": 16,
        "dice": 0.8538586913740699,
        "dir": "runs/UNet_binary",
        "dt": "2020-12-10T13:04:39.457027",
        "fold": 0,
        "iou": 0.7449855309706375,
        "model": "UNet",
        "n_epochs": 20,
        "problem-type": "binary",
        "valid_loss": 0.2091254544754823
    },
    {
        "batch-size": 16,
        "dice": 0.8377220397756567,
        "dir": "runs/UNet_binary",
        "dt": "2020-12-10T13:20:27.420436",
        "fold": 1,
        "iou": 0.7207587758215422,
        "model": "UNet",
        "n_epochs": 20,
        "problem-type": "binary",
        "valid_loss": 0.2743530229934388
    },
    {
        "batch-size": 16,
        "dice": 0.8232299363215936,
        "dir": "runs/UNet_binary",
        "dt": "2020-12-10T13:36:11.098105",
        "fold": 2,
        "iou": 0.6995673681129349,
        "model": "UNet",
        "n_epochs": 20,
        "problem-type": "binary",
        "valid_loss": 0.2696551669471794
    },
    {
        "batch-size": 16,
        "dice": 0.8681057724642741,
        "dir": "runs/UNet_binary",
        "dt": "2020-12-10T13:51:52.075496",
        "fold": 3,
        "iou": 0.7669495535411007,
        "model": "UNet",
        "n_epochs": 20,
        "problem-type": "binary",
        "valid_loss": 0.7350317464272181
    },
    {
        "batch-size": 16,
        "dice": 0.908005601437438,
        "dir": "runs/UNet11_binary",
        "dt": "2020-12-10T14:15:09.935082",
        "fold": 0,
        "iou": 0.831511226277977,
        "model": "UNet11",
        "n_epochs": 20,
        "problem-type": "binary",
        "valid_loss": 0.1605914289980299
    },
    {
        "batch-size": 16,
        "dice": 0.8897609330575442,
        "dir": "runs/UNet11_binary",
        "dt": "2020-12-10T14:38:24.509170",
        "fold": 1,
        "iou": 0.8014138211762828,
        "model": "UNet11",
        "n_epochs": 20,
        "problem-type": "binary",
        "valid_loss": 0.231656637320088
    },
    {
        "batch-size": 16,
        "dice": 0.9460043903126784,
        "dir": "runs/UNet11_binary",
        "dt": "2020-12-10T15:01:44.784509",
        "fold": 2,
        "iou": 0.8975411108147975,
        "model": "UNet11",
        "n_epochs": 20,
        "problem-type": "binary",
        "valid_loss": 0.08970941887961494
    },
    {
        "batch-size": 16,
        "dice": 0.9427320507852943,
        "dir": "runs/UNet11_binary",
        "dt": "2020-12-10T15:25:10.511087",
        "fold": 3,
        "iou": 0.8916680501716866,
        "model": "UNet11",
        "n_epochs": 20,
        "problem-type": "binary",
        "valid_loss": 0.5779995973739359
    },
    {
        "batch-size": 16,
        "dice": 0.9127020522639954,
        "dir": "runs/UNet16_binary",
        "dt": "2020-12-10T15:57:46.009378",
        "fold": 0,
        "iou": 0.839422215561469,
        "model": "UNet16",
        "n_epochs": 20,
        "problem-type": "binary",
        "valid_loss": 0.1453919318690896
    },
    {
        "batch-size": 16,
        "dice": 0.9095942778557818,
        "dir": "runs/UNet16_binary",
        "dt": "2020-12-10T16:30:16.104850",
        "fold": 1,
        "iou": 0.834179663022236,
        "model": "UNet16",
        "n_epochs": 20,
        "problem-type": "binary",
        "valid_loss": 0.19256785501829451
    },
    {
        "batch-size": 16,
        "dice": 0.9461278762074381,
        "dir": "runs/UNet16_binary",
        "dt": "2020-12-10T17:02:48.730938",
        "fold": 2,
        "iou": 0.8977634523651832,
        "model": "UNet16",
        "n_epochs": 20,
        "problem-type": "binary",
        "valid_loss": 0.09195361513230536
    },
    {
        "batch-size": 16,
        "dice": 0.9399627023321249,
        "dir": "runs/UNet16_binary",
        "dt": "2020-12-10T17:35:10.741700",
        "fold": 3,
        "iou": 0.8867260655828627,
        "model": "UNet16",
        "n_epochs": 20,
        "problem-type": "binary",
        "valid_loss": 0.5812379242355625
    },
    {
        "batch-size": 16,
        "dice": 0.8900145416585656,
        "dir": "runs/AlbuNet_binary",
        "dt": "2020-12-10T18:05:37.693304",
        "fold": 0,
        "iou": 0.8018254067836579,
        "model": "AlbuNet",
        "n_epochs": 20,
        "problem-type": "binary",
        "valid_loss": 0.2056256580311391
    },
    {
        "batch-size": 16,
        "dice": 0.8703756233470695,
        "dir": "runs/AlbuNet_binary",
        "dt": "2020-12-10T18:36:01.007324",
        "fold": 1,
        "iou": 0.7705000364156328,
        "model": "AlbuNet",
        "n_epochs": 20,
        "problem-type": "binary",
        "valid_loss": 0.25584424971085457
    },
    {
        "batch-size": 16,
        "dice": 0.9514011326944077,
        "dir": "runs/AlbuNet_binary",
        "dt": "2020-12-10T19:06:33.620285",
        "fold": 2,
        "iou": 0.9073070383330307,
        "model": "AlbuNet",
        "n_epochs": 20,
        "problem-type": "binary",
        "valid_loss": 0.07832492403686046
    },
    {
        "batch-size": 16,
        "dice": 0.9248480827074599,
        "dir": "runs/AlbuNet_binary",
        "dt": "2020-12-10T19:36:55.626418",
        "fold": 3,
        "iou": 0.8602022354537793,
        "model": "AlbuNet",
        "n_epochs": 20,
        "problem-type": "binary",
        "valid_loss": 0.6337648993978898
    },
    {
        "batch-size": 16,
        "dice": 0.8805645862381746,
        "dir": "runs/LinkNet34_binary",
        "dt": "2020-12-10T19:48:02.748980",
        "fold": 0,
        "iou": 0.7866149090987452,
        "model": "LinkNet34",
        "n_epochs": 20,
        "problem-type": "binary",
        "valid_loss": 0.21103850605173244
    },
    {
        "batch-size": 16,
        "dice": 0.8898371153477418,
        "dir": "runs/LinkNet34_binary",
        "dt": "2020-12-10T19:59:14.789754",
        "fold": 1,
        "iou": 0.8015374389195778,
        "model": "LinkNet34",
        "n_epochs": 20,
        "problem-type": "binary",
        "valid_loss": 0.22811930788887871
    },
    {
        "batch-size": 16,
        "dice": 0.9475294864482505,
        "dir": "runs/LinkNet34_binary",
        "dt": "2020-12-10T20:10:28.615902",
        "fold": 2,
        "iou": 0.9002907675300502,
        "model": "LinkNet34",
        "n_epochs": 20,
        "problem-type": "binary",
        "valid_loss": 0.08399645503196451
    },
    {
        "batch-size": 16,
        "dice": 0.9187068621897749,
        "dir": "runs/LinkNet34_binary",
        "dt": "2020-12-10T20:21:38.429792",
        "fold": 3,
        "iou": 0.8496371890885104,
        "model": "LinkNet34",
        "n_epochs": 20,
        "problem-type": "binary",
        "valid_loss": 0.6433200714737177
    },
    {
        "batch-size": 8,
        "dice_binary": 0.6781712992254537,
        "dice_instruments": 0.14926230240523808,
        "dice_parts": 0.6196076409560776,
        "dir": "runs/TDSNet",
        "dt": "2020-12-20T03:00:08.675594",
        "fold": 0,
        "iou_binary": 0.5130553594638009,
        "iou_instruments": 0.08849441079835779,
        "iou_parts": 0.4610355949913312,
        "model": "TDSNet",
        "n_epochs": 20,
        "problem-type": "all",
        "valid_loss": 15.167123247782389
    },
    {
        "batch-size": 8,
        "dice_binary": 0.5578325644087062,
        "dice_instruments": 0.11704122654298166,
        "dice_parts": 0.5672141802510083,
        "dir": "runs/TDSNet",
        "dt": "2020-12-20T04:17:05.575941",
        "fold": 1,
        "iou_binary": 0.38680152570494897,
        "iou_instruments": 0.06442667448842704,
        "iou_parts": 0.412714345846838,
        "model": "TDSNet",
        "n_epochs": 20,
        "problem-type": "all",
        "valid_loss": 13.897314150068494
    },
    {
        "batch-size": 8,
        "dice_binary": 0.5788197294519055,
        "dice_instruments": 0.18978193388750045,
        "dice_parts": 0.5273789089852788,
        "dir": "runs/TDSNet",
        "dt": "2020-12-20T05:33:14.734444",
        "fold": 2,
        "iou_binary": 0.40728100540593426,
        "iou_instruments": 0.11707557420280451,
        "iou_parts": 0.37987472571855746,
        "model": "TDSNet",
        "n_epochs": 20,
        "problem-type": "all",
        "valid_loss": 15.748911151885986
    },
    {
        "batch-size": 8,
        "dice_binary": 0.6242528917906222,
        "dice_instruments": 0.18084552277992427,
        "dice_parts": 0.6485490148726304,
        "dir": "runs/TDSNet",
        "dt": "2020-12-20T06:50:00.839151",
        "fold": 3,
        "iou_binary": 0.45375555439337023,
        "iou_instruments": 0.10747380008639007,
        "iou_parts": 0.49376899547232816,
        "model": "TDSNet",
        "n_epochs": 20,
        "problem-type": "all",
        "valid_loss": 18.44597181744046
    }
]